{
    "roc_auc": 0.7224043715846995,
    "accuracy": 0.8545549193128579,
    "benign": {
        "precision": 0.8353710632531007,
        "recall": 1.0,
        "f1": 0.9103020963754855
    },
    "attack": {
        "precision": 1.0,
        "recall": 0.4448087431693989,
        "f1": 0.615733736762481
    },
    "tp": 28355,
    "tn": 4477,
    "fp": 5588,
    "fn": 0,
    "false_alerts": 0,
    "attack_passed": 55.51912568306011
}