{
    "roc_auc": 0.9997019374068554,
    "accuracy": 0.9998438313378448,
    "benign": {
        "precision": 0.999788441874405,
        "recall": 1.0,
        "f1": 0.9998942097468086
    },
    "attack": {
        "precision": 1.0,
        "recall": 0.9994038748137108,
        "f1": 0.9997018485390579
    },
    "tp": 28355,
    "tn": 10059,
    "fp": 6,
    "fn": 0,
    "false_alerts": 0,
    "attack_passed": 0.05961251862891207
}