{
    "roc_auc": 0.9746646795827123,
    "accuracy": 0.9867256637168141,
    "benign": {
        "precision": 0.9823315433916507,
        "recall": 1.0,
        "f1": 0.9910870325061167
    },
    "attack": {
        "precision": 1.0,
        "recall": 0.9493293591654247,
        "f1": 0.9740061162079511
    },
    "tp": 28355,
    "tn": 9555,
    "fp": 510,
    "fn": 0,
    "false_alerts": 0,
    "attack_passed": 5.067064083457526
}