{
    "roc_auc": 0.9996714093360534,
    "accuracy": 0.9996095783446122,
    "benign": {
        "precision": 0.9999294383290996,
        "recall": 0.9995415270675366,
        "f1": 0.999735445069578
    },
    "attack": {
        "precision": 0.9987098054783644,
        "recall": 0.9998012916045703,
        "f1": 0.9992552504840871
    },
    "tp": 28342,
    "tn": 10063,
    "fp": 2,
    "fn": 13,
    "false_alerts": 13,
    "attack_passed": 0.01987083954297069
}