{
    "roc_auc": 0.9987083954297069,
    "accuracy": 0.9993232691306612,
    "benign": {
        "precision": 0.99908389415454,
        "recall": 1.0,
        "f1": 0.9995417371686408
    },
    "attack": {
        "precision": 1.0,
        "recall": 0.9974167908594138,
        "f1": 0.9987067250298448
    },
    "tp": 28355,
    "tn": 10039,
    "fp": 26,
    "fn": 0,
    "false_alerts": 0,
    "attack_passed": 0.25832091405861896
}